Purveyor,Coverage Tier,Primary Region,States / Territories Served,Metro / Detailed Area,State Match Codes,Geography Source,Confidence,Coverage Notes,Verified On,Match Selected State?
A.F. Wendling's Food Service,Regional,Appalachia / Mid-Atlantic,"West Virginia, Virginia, Pennsylvania","West Virginia, Virginia and western Pennsylvania; confirm neighboring-state ZIPs.","WV,VA,PA",https://www.afwendling.com,High,State matching is conservative; the company also references nearby markets.,2026-07-14,
Ace Endico Corp.,Multi-regional,Northeast,"Maine, New Hampshire, Vermont, Massachusetts, Rhode Island, Connecticut, New York, New Jersey, Pennsylvania",New England through the New York tri-state area and Philadelphia corridor.,"ME,NH,VT,MA,RI,CT,NY,NJ,PA",https://www.aceendico.com,High,,2026-07-14,
AMCON Distributing Company,Multi-regional,Central / Mountain / Southeast,,Multi-state convenience distribution; exact current customer territory should be validated by ZIP.,,https://www.amcon.com,Low,Not auto-matched until an official current state list is confirmed.,2026-07-14,
Atlas Wholesale Food Co.,Regional,Great Lakes,Michigan,Michigan-centered foodservice distribution.,MI,https://www.atlaswholesale.com,Low,,2026-07-14,
"Avalon Foodservice, Inc.",Regional,Great Lakes / Appalachia,"Ohio, Pennsylvania, West Virginia",Ohio-centered regional distributor; delivery boundaries vary by route.,"OH,PA,WV",https://www.avalonfoods.com,Medium,,2026-07-14,
Baily Foodservice,Regional,Southeast,Georgia,Atlanta / Georgia-centered foodservice distribution.,GA,https://www.bailyatl.com,Low,,2026-07-14,
Balford,Regional,Mid-Atlantic,"Pennsylvania, New Jersey, Delaware, Maryland",Mid-Atlantic dairy and foodservice distribution.,"PA,NJ,DE,MD",https://www.balford.com,Low,,2026-07-14,
Ben E. Keith Foods,Multi-regional,South / Southwest,"Alabama, Arkansas, Arizona, Florida, Georgia, Kansas, Louisiana, Missouri, Mississippi, New Mexico, Oklahoma, South Carolina, Tennessee, Texas",Large southern and southwestern footprint; some states are served only in defined portions.,"AL,AR,AZ,FL,GA,KS,LA,MO,MS,NM,OK,SC,TN,TX",https://www.benekeith.com/food/locations/,High,Confirm the customer's ZIP against the appropriate division.,2026-07-14,MATCH
BiRite Foodservice Distributors,Regional,Northern California,California,"Greater Bay Area and Northern California, approximately Cloverdale to Monterey.",CA,https://birite.com,High,,2026-07-14,
"Brown Foodservice, Inc.",Regional,Appalachia / Ohio Valley,"Kentucky, West Virginia, Ohio, Virginia, Tennessee, Indiana",Kentucky-centered regional footprint; company reports a multi-state service area.,"KY,WV,OH,VA,TN,IN",https://www.brownfoodservice.com,Low,Exact route coverage should be verified before recommending.,2026-07-14,
Burlington Distributing Company,Closed system,Chain footprint,,Biscuitville-related supply operation; not a general independent-restaurant purveyor.,,https://biscuitville.com,High,,2026-07-14,
Capitol Distributing,Regional,Mountain West / Pacific Northwest,"Idaho, Oregon, Washington, Utah, Montana, Nevada",Boise-centered convenience and foodservice distribution.,"ID,OR,WA,UT,MT,NV",https://capitoldist.com,Low,,2026-07-14,
Carolina Food Service of Loris,Regional,Carolinas,"North Carolina, South Carolina",Publishes statewide service in North Carolina and South Carolina.,"NC,SC",https://www.carolinafoodservice.com,High,,2026-07-14,
Cash-Wa Distributing,Multi-regional,Great Plains / Mountain West,"Nebraska, Colorado, Wyoming, Kansas, Oklahoma, Missouri, Iowa, Minnesota, South Dakota, North Dakota",Published ten-state footprint across the central United States.,"NE,CO,WY,KS,OK,MO,IA,MN,SD,ND",https://web.cashwa.com,High,,2026-07-14,
The Chefs' Warehouse,Multi-regional,Major culinary markets,"California, Florida, Georgia, Illinois, Massachusetts, Maryland, Nevada, New Jersey, New York, Ohio, Pennsylvania, Texas, Washington, District of Columbia",Selective metropolitan markets rather than blanket statewide coverage.,"CA,FL,GA,IL,MA,MD,NV,NJ,NY,OH,PA,TX,WA,DC",https://www.chefswarehouse.com/regions/,Medium,Always verify the specific metro/ZIP; state presence does not imply statewide delivery.,2026-07-14,MATCH
"Cheney Brothers, Inc.",Regional,Southeast,"Florida, Georgia, North Carolina, South Carolina","Florida and the Southeast, supported by facilities and operations in Florida, Georgia and the Carolinas.","FL,GA,NC,SC",https://www.cheneybrothers.com,High,,2026-07-14,MATCH
Chick-fil-A Supply,Closed system,Chain footprint,,Dedicated Chick-fil-A supply network; not available to independent operators.,,https://www.cfa-supply.com,High,,2026-07-14,
Christ Panos Foods Corporation,Regional,Upper Midwest,"Illinois, Indiana, Wisconsin",Chicago-centered specialty and broadline distribution.,"IL,IN,WI",https://www.panosfoods.com,Low,,2026-07-14,
City Line Distributors,Regional,New England / New York Metro,"Connecticut, Massachusetts, New York, Rhode Island",Southern New England and nearby New York markets.,"CT,MA,NY,RI",https://www.citylinefoods.com,Low,,2026-07-14,
Cotati Food Service,Local / regional,Northern California,California,Northern California foodservice distribution.,CA,https://www.cotatifoodservice.com,Medium,,2026-07-14,
CRS OneSource,Regional,Midwest,"Illinois, Missouri, Indiana, Iowa",Illinois-centered regional distribution.,"IL,MO,IN,IA",https://www.crsonesource.com,Low,,2026-07-14,
Curtze Food Service,Multi-regional,Great Lakes / Mid-Atlantic,"Pennsylvania, New York, Virginia, West Virginia, Ohio, Michigan, Indiana, Kentucky, Maryland",Publishes a nine-state service footprint.,"PA,NY,VA,WV,OH,MI,IN,KY,MD",https://www.curtze.com,High,,2026-07-14,
Dawn Food Products,National,Nationwide,,National bakery-ingredient manufacturer and distributor.,,https://www.dawnfoods.com,High,"Availability may be direct, through a local branch, or through a distributor.",2026-07-14,MATCH
DBH Distributing / Hunt Brothers Pizza,Closed system,Program footprint,,Supply operation tied to the Hunt Brothers Pizza program.,,https://www.huntbrotherspizza.com,High,,2026-07-14,
Dennis Food Service,Regional,Northern New England,"Maine, New Hampshire",Published delivery territory in Maine and New Hampshire.,"ME,NH",https://dennisfoodservice.com,High,,2026-07-14,
Diaz Wholesale & Manufacturing,Multi-regional,Eastern United States,"Georgia, Virginia, New Jersey","Company reports a broad multi-state eastern footprint, with facilities in Georgia, Virginia and New Jersey.","GA,VA,NJ",https://www.diazfoods.com,Medium,Only facility states are auto-matched; additional service states require verification.,2026-07-14,
"DiCarlo Distributors, Inc.",Multi-regional,Northeast Corridor,"Massachusetts, Connecticut, New York, New Jersey, Pennsylvania, Delaware, Maryland, District of Columbia",Boston-to-Baltimore corridor with a strong New York tri-state presence.,"MA,CT,NY,NJ,PA,DE,MD,DC",https://www.dicarlofood.com,High,,2026-07-14,
Distribution Market Advantage,Distributor network,National network,,National distributor alliance; match customers to the appropriate local member rather than DMA itself.,,https://dmadelivers.com,High,,2026-07-14,
"Dot Foods, Inc.",National redistributor,Nationwide,,National redistributor serving distributor customers rather than most restaurants directly.,,https://www.dotfoods.com,High,,2026-07-14,
Driscoll Foods,Regional,Northeast,"New Jersey, New York, Pennsylvania, Connecticut","New Jersey, New York, Pennsylvania and adjacent Northeast routes.","NJ,NY,PA,CT",https://www.driscollfoods.com,Medium,,2026-07-14,
Euclid Fish Company,Regional,Great Lakes,"Ohio, Michigan, Pennsylvania, New York",Ohio-centered seafood and specialty distribution across nearby Great Lakes markets.,"OH,MI,PA,NY",https://www.euclidfish.com,Low,,2026-07-14,
EVCO Wholesale Food Corp.,Regional,West Coast,"California, Nevada, Arizona",California-centered regional wholesale food distribution.,"CA,NV,AZ",https://www.evcofoods.com,Low,,2026-07-14,
"F & A Food Sales, Inc.",Regional,Northeast,"Massachusetts, Connecticut, Rhode Island, New Hampshire",New England specialty and wholesale distribution.,"MA,CT,RI,NH",https://www.fafoodsales.com,Low,,2026-07-14,
Federated Foodservice,Distributor network,National network,,Distributor/member network; use its local member rather than treating the network as a direct purveyor.,,https://www.federatedfoodservice.com,High,,2026-07-14,
"Feeser's, Inc.",Multi-regional,Mid-Atlantic / Northeast,"Pennsylvania, New Jersey, Delaware, Maryland, New York, Virginia, West Virginia, District of Columbia",Published Mid-Atlantic and neighboring Northeast service territory.,"PA,NJ,DE,MD,NY,VA,WV,DC",https://www.feesers.com,High,,2026-07-14,
"Food Supply, Inc.",Regional,Southeast,"South Carolina, North Carolina, Georgia",Carolinas-centered regional distribution.,"SC,NC,GA",https://www.foodsupply.com,Low,,2026-07-14,
Foodist,Online nationwide,Nationwide / parcel or freight,,"Online specialty ordering; confirm shipping availability, freight class and minimums by ZIP.",,https://efoodist.com,Medium,,2026-07-14,MATCH
FoodPRO,Regional,Mid-Atlantic,"Maryland, Virginia, Pennsylvania, West Virginia, District of Columbia",Mid-Atlantic foodservice distribution.,"MD,VA,PA,WV,DC",https://www.myfoodpro.com,Low,,2026-07-14,
Frosty Acres Brands,Distributor network,National network,,Independent distributor cooperative with members searchable by state.,,https://frostyacres.com/distributors,High,,2026-07-14,
Fuchs Foodservice / Pizza Specialties,Regional,Upper Midwest,"Wisconsin, Illinois, Minnesota, Iowa, Michigan",Wisconsin-centered pizza and specialty distribution.,"WI,IL,MN,IA,MI",https://pizzaspecialtiesinc.com,Low,,2026-07-14,
G & C Foods,National redistributor,Multi-regional / national,,Redistributor serving foodservice distributors; not typically a direct restaurant account.,,https://gcfoods.com,Medium,,2026-07-14,
Ginsberg's Foods,Regional,Northeast,"New York, Vermont, Massachusetts, Connecticut, Pennsylvania","Eastern New York, southern Vermont, western Massachusetts, western/northwestern Connecticut and northeastern Pennsylvania.","NY,VT,MA,CT,PA",https://www.ginsbergs.com,High,The company references six states; only states explicitly identified in public territory text are auto-matched.,2026-07-14,
Golbon,Distributor network,National network,,Independent distributor buying group; geographic matching should occur at member level.,,https://www.golbon.com,High,,2026-07-14,
Gold Star Foods,Multi-regional,West / South / institutional markets,"California, Arizona, Nevada, Texas, New Mexico",Institutional and K-12 distribution with a multi-state western and southern footprint.,"CA,AZ,NV,TX,NM",https://goldstarfoods.com,Low,,2026-07-14,
"Good Source Solutions, Inc.",National redistributor,Nationwide,,National specialty sourcing and redistribution; account and delivery model varies.,,https://goodsource.com,Medium,,2026-07-14,
Gordon Food Service,Multi-regional,Eastern / Central United States,"Alabama, Florida, Georgia, Illinois, Indiana, Kentucky, Maryland, Michigan, Missouri, North Carolina, New York, Ohio, Pennsylvania, South Carolina, Tennessee, Texas, Wisconsin",Large multi-regional footprint supported by distribution centers and service markets across the eastern and central U.S.,"AL,FL,GA,IL,IN,KY,MD,MI,MO,NC,NY,OH,PA,SC,TN,TX,WI",https://gfs.com/en-us/about-us/our-locations/,Medium,Confirm exact route availability by ZIP; this is not blanket statewide coverage.,2026-07-14,MATCH
Graves Foods / Menu Maker Foods,Regional,Central Plains,"Kansas, Missouri, Nebraska, Oklahoma, Iowa",Kansas-centered regional foodservice distribution.,"KS,MO,NE,OK,IA",https://www.menumakerfoods.com,Low,,2026-07-14,
GS Foods Group,Multi-regional,West / South / institutional markets,"California, Arizona, Nevada, Texas, New Mexico, Missouri",K-12 and institutional distribution through multiple operating companies.,"CA,AZ,NV,TX,NM,MO",https://gsfoodsgroup.com,Low,,2026-07-14,
Halsey Foodservice,Regional,Southeast,"Alabama, Tennessee, Mississippi, Georgia",Alabama-centered regional foodservice distribution.,"AL,TN,MS,GA",https://www.halseyfoodservice.com,Low,,2026-07-14,
Harbor Foods Group,Multi-regional,Pacific Northwest / Alaska,"Alaska, Washington, Idaho, Oregon, California","Publishes service in Alaska, Washington, Idaho, Oregon and Northern California.","AK,WA,ID,OR,CA",https://www.harborwholesale.com,High,,2026-07-14,
"Henry's Foods, Inc.",Regional,Upper Midwest / Northern Plains,"Minnesota, North Dakota, South Dakota, Wisconsin, Iowa",Publishes a five-state Upper Midwest and Northern Plains footprint.,"MN,ND,SD,WI,IA",https://www.henrysfoods.com,High,,2026-07-14,
"Holiday Wholesale, Inc.",Regional,Upper Midwest,"Wisconsin, Illinois, Iowa, Minnesota",Wisconsin-centered convenience and foodservice distribution.,"WI,IL,IA,MN",https://www.holidaywholesale.com,Low,,2026-07-14,
"Honor Foods, Inc.",National redistributor,Eastern / national redistribution,,Redistributor serving other distributors; not normally a direct restaurant account.,,https://www.honorfoods.com,Medium,,2026-07-14,
HPC Foodservice,Regional,New England / New York Metro,"Connecticut, Massachusetts, Rhode Island, New York",Connecticut-centered foodservice distribution.,"CT,MA,RI,NY",https://www.hpcfs.com,Low,,2026-07-14,
I Supply Company,Regional,Ohio Valley / Midwest,"Ohio, Indiana, Kentucky, Pennsylvania, West Virginia",Ohio-centered convenience and foodservice distribution.,"OH,IN,KY,PA,WV",https://www.isupplyco.com,Low,,2026-07-14,
IFD Foodservice Distributor,Regional,Upper Midwest,"Wisconsin, Minnesota, Michigan, Iowa",Wisconsin-centered foodservice distribution.,"WI,MN,MI,IA",https://www.callifd.com,Low,,2026-07-14,
Independent Marketing Alliance,Distributor network,National network,,National member alliance; customer matching should occur at the local distributor level.,,https://www.imaforce.com,High,,2026-07-14,
Imler's Poultry,Regional,Mid-Atlantic / Appalachia,"Pennsylvania, Maryland, Virginia, West Virginia, Ohio",Pennsylvania-centered poultry and specialty distribution.,"PA,MD,VA,WV,OH",https://imlerspoultry.com,Low,,2026-07-14,
Jake's Finer Foods,Regional,Texas / Gulf Coast,"Texas, Louisiana",Houston-centered broadline and specialty distribution.,"TX,LA",https://www.jakesfinerfoods.com,Medium,,2026-07-14,
Jangbogo Foodbank,Local / regional,Chicago / Upper Midwest,"Illinois, Indiana, Wisconsin",Chicago-centered Asian specialty distribution.,"IL,IN,WI",https://jangfood.com,Low,,2026-07-14,
JD Food,Regional,California,"California, Nevada",California-centered regional broadline distribution.,"CA,NV",https://jdfood.com,Low,,2026-07-14,
Johnson Bros. Bakery Supply,Regional,South Central,"Texas, Oklahoma, Louisiana",Texas-centered bakery-ingredient distribution.,"TX,OK,LA",https://jbrosbakerysupply.com,Low,,2026-07-14,
"Jordano's Foodservice, Inc.",Regional,Southern / Central California,California,California regional foodservice distribution.,CA,https://jordanos.com,Medium,,2026-07-14,
"KAST Distributors, Inc.",Regional,Northeast,"Pennsylvania, New Jersey, New York",Pennsylvania-centered regional distribution.,"PA,NJ,NY",https://www.kastdistributors.com,Low,,2026-07-14,
"Keck's Food Service, Inc.",Regional,Mid-Atlantic / Appalachia,"Pennsylvania, Maryland, Virginia, West Virginia",Pennsylvania-centered foodservice distribution.,"PA,MD,VA,WV",https://www.kecksfoodservice.com,Low,,2026-07-14,
Kohl Wholesale,Regional,Midwest,"Illinois, Iowa, Missouri","Publishes service in Illinois, Iowa and Missouri.","IL,IA,MO",https://www.kohlwholesale.com,High,,2026-07-14,
Kuna Foodservice,Multi-regional,Midwest / South,"Missouri, Illinois, Iowa, Wisconsin, Indiana, Michigan, Kentucky, Ohio, Arkansas, Mississippi, Alabama",Official site names these states within a larger reported multi-state footprint.,"MO,IL,IA,WI,IN,MI,KY,OH,AR,MS,AL",https://www.kunafoodservice.com,High,The company reports serving more states than the publicly named list; unnamed states are not auto-matched.,2026-07-14,
Latina Boulevard Foods,Regional,Florida / Southeast,"Florida, Georgia",Florida-centered Hispanic and specialty distribution.,"FL,GA",https://www.latinaboulevardfoods.com,Low,,2026-07-14,MATCH
Legacy Food Group,Distributor network,National network,,Distributor network; use an operating member for customer-level matching.,,https://legacyfoodgroup.com,High,,2026-07-14,
Loffredo Fresh Foods,Multi-regional,Midwest,"Iowa, Nebraska, Illinois, Missouri, Wisconsin","Facilities and markets include Des Moines, Omaha, the Quad Cities, Kansas City and Madison.","IA,NE,IL,MO,WI",https://www.loffredo.com,High,,2026-07-14,
"Lumina Foods, LLC",Regional,Southeast / Ohio Valley,"Tennessee, Kentucky, Georgia, Alabama, Indiana, Ohio",Nashville-centered pizza and specialty distribution.,"TN,KY,GA,AL,IN,OH",https://luminafoods.com,Low,,2026-07-14,
Maximum Quality Foods,Regional,Northeast / Mid-Atlantic,"New Jersey, New York, Pennsylvania, Connecticut, Delaware, Maryland",New Jersey-centered specialty and broadline distribution.,"NJ,NY,PA,CT,DE,MD",https://maximumqualityfoods.com,Low,,2026-07-14,
"M.J. Kellner Company, Inc.",Regional,Midwest,"Illinois, Missouri, Indiana, Iowa",Illinois-centered regional distribution.,"IL,MO,IN,IA",https://www.mjkellner.com,Low,,2026-07-14,
"Maplevale Farms, Inc.",Regional,Great Lakes / Northeast,"New York, Pennsylvania, Ohio","Western New York, northwestern Pennsylvania and eastern Ohio.","NY,PA,OH",https://maplevalefarms.com,High,,2026-07-14,
"Martin Bros. Distributing Co., Inc.",Multi-regional,Midwest,"Iowa, Illinois, Wisconsin, Nebraska, Missouri, Minnesota",Publishes service across six Midwestern states.,"IA,IL,WI,NE,MO,MN",https://www2.martinsnet.com,High,,2026-07-14,
McDonald Wholesale Company,Regional,Pacific Northwest,"Oregon, Washington, Idaho, California","Oregon-centered Pacific Northwest distribution, with nearby routes.","OR,WA,ID,CA",https://www.mcdonaldwhsl.com,Low,,2026-07-14,
"McLane Foodservice, Inc.",National,Nationwide,,"National chain, convenience and foodservice logistics network.",,https://www.mclaneco.com,High,,2026-07-14,MATCH
"Mendez & Co., Inc.",Territory-wide,Puerto Rico,Puerto Rico,Puerto Rico foodservice and beverage distribution.,PR,https://www.mendezcopr.com,High,,2026-07-14,
Merchants Grocery Co. Inc.,Regional,Mid-Atlantic / Appalachia,"Virginia, West Virginia, Maryland, North Carolina, Pennsylvania",Virginia-centered convenience and foodservice distribution.,"VA,WV,MD,NC,PA",https://merchants-grocery.com,Low,,2026-07-14,
Multi Plus DM Inc.,Regional,Florida / Caribbean gateway,Florida,South Florida-centered specialty distribution.,FL,https://www.multiplusdm.com,Low,,2026-07-14,MATCH
National DCP,Closed system,Dunkin' system footprint,,Member-owned supply cooperative serving Dunkin' franchisees.,,https://nationaldcp.com,High,,2026-07-14,
Navis Food Partners,Distributor network,National network,,Distributor network; customer geography should be resolved through the appropriate member.,,https://navisfood.com,High,,2026-07-14,
"Nicholas and Company, Inc.",Multi-regional,Mountain West,"Utah, Nevada, Idaho, Wyoming, Montana, Arizona","Utah, Nevada and defined portions of Idaho, Wyoming, Montana and Arizona.","UT,NV,ID,WY,MT,AZ",https://www.nicholasandco.com,High,Several states are partial-market territories; verify ZIP.,2026-07-14,
Northern Haserot Food Service,Regional,Great Lakes,"Ohio, Michigan","Cleveland/Ohio and Detroit/Michigan-centered distribution, including other nearby Midwest routes.","OH,MI",https://www.northernhaserot.com,Medium,,2026-07-14,
Novick Brothers Corp.,Regional,Northeast / Mid-Atlantic,"New Jersey, New York, Pennsylvania, Connecticut",New Jersey-centered foodservice and institutional distribution.,"NJ,NY,PA,CT",https://novickcorp.com,Low,,2026-07-14,
Ole Tyme Produce,Regional,Central Midwest,"Missouri, Illinois, Kansas, Arkansas",Missouri-centered produce distribution.,"MO,IL,KS,AR",https://www.oletyme.com,Low,,2026-07-14,
Pacific Provisions Hawaii,Territory-wide,Hawaii,Hawaii,Hawaii foodservice distribution.,HI,https://pacificprovisionshawaii.com,High,,2026-07-14,
Palmer Food Services,Regional,New York,New York,Rochester and Buffalo-centered service across New York markets.,NY,https://palmerfoods.com,High,,2026-07-14,
Performance Food Group,National,Nationwide,,"National distribution network through Performance Foodservice, Core-Mark and Vistar.",,https://www.pfgc.com/Our-Locations,High,Local operating-company and route availability still require ZIP validation.,2026-07-14,MATCH
"Phillips Food Service, LLC",Regional,Texas / South Central,Texas,Texas-centered foodservice distribution.,TX,https://phillipsfoodservice.net,Low,,2026-07-14,
Pratts Foodservice,Regional,Northern Plains / Upper Midwest,"Minnesota, North Dakota, South Dakota, Wisconsin, Iowa",Northern Plains and Upper Midwest distribution.,"MN,ND,SD,WI,IA",https://ww1.pratts.com,Low,,2026-07-14,
Prime Source Foods,Regional,New England,"New Hampshire, Maine, Massachusetts, Vermont, Connecticut, Rhode Island",New England center-of-plate and specialty distribution.,"NH,ME,MA,VT,CT,RI",https://www.primesourcefoods.biz,Medium,,2026-07-14,
"Quaker Valley Foods, Inc.",Multi-regional,Northeast / Mid-Atlantic,"Pennsylvania, New Jersey, New York, Delaware, Maryland, District of Columbia, Virginia",Pennsylvania-centered meat and specialty distribution throughout nearby Northeast and Mid-Atlantic markets.,"PA,NJ,NY,DE,MD,DC,VA",https://www.quakervalleyfoods.com,Medium,,2026-07-14,
Quality Custom Distribution Services,Closed system,Contract-chain footprint,,Contract distribution for major chain customers; generally not open to independent restaurants.,,https://www.qualitycustomdistribution.com,High,,2026-07-14,
Quality Food Company,Regional,New England,"Massachusetts, Rhode Island, Connecticut, New Hampshire",New England Italian and specialty distribution.,"MA,RI,CT,NH",https://www.qualityfoodcompany.com,Low,,2026-07-14,
Royal Food Service,Regional,Southeast,"Georgia, Alabama, Tennessee, South Carolina, North Carolina",Atlanta-centered produce and specialty distribution.,"GA,AL,TN,SC,NC",https://www.royalfoodservice.com,Low,,2026-07-14,
RRS Foodservice,Regional,Mid-Atlantic / Carolinas,"Virginia, North Carolina, South Carolina, West Virginia, Maryland",Virginia-centered regional foodservice distribution.,"VA,NC,SC,WV,MD",https://www.rrsfoodservice.com,Low,,2026-07-14,
"S & W Wholesale Foods, LLC",Regional,Gulf South,"Louisiana, Mississippi, Alabama, Florida",Louisiana-centered Gulf South distribution.,"LA,MS,AL,FL",https://www.s-wfoods.com,Low,,2026-07-14,MATCH
"S. Abraham & Sons, Inc.",Multi-regional,Great Lakes / Midwest,"Michigan, Indiana, Ohio, Illinois, Wisconsin, Kentucky",Michigan-centered convenience and foodservice distribution.,"MI,IN,OH,IL,WI,KY",https://www.sasinc.com,Medium,,2026-07-14,
Sanwa Food Group,Regional,Florida,Florida,Florida produce and foodservice distribution.,FL,https://sanwagrowers.com,High,,2026-07-14,MATCH
Saval Foodservice,Regional,Mid-Atlantic,"Maryland, Virginia, District of Columbia, Delaware, Pennsylvania","Philadelphia-area through Roanoke, including Maryland, Virginia, D.C. and Delaware.","MD,VA,DC,DE,PA",https://www.savalfoods.com,High,Pennsylvania service is market-specific rather than necessarily statewide.,2026-07-14,
Scarmardo Foodservice Inc.,Regional,Texas / South Central,Texas,Texas-centered broadline distribution.,TX,https://www.scarmardofoods.com,High,,2026-07-14,
Schenck Foods Company,Regional,Mid-Atlantic / Appalachia,"Virginia, West Virginia, Maryland, Pennsylvania","Winchester, Virginia-centered regional distribution.","VA,WV,MD,PA",https://schenckfoods.com,Low,,2026-07-14,
"Schiff's Food Service, Inc.",Regional,Northeast,"Pennsylvania, New Jersey, New York",Pennsylvania-centered Northeast distribution.,"PA,NJ,NY",https://www.schiffs.com,Low,,2026-07-14,
Scooter's Coffee / Harvest Roasting,Closed system,Scooter's Coffee footprint,,Coffee-chain supply operation; not a general independent-restaurant purveyor.,,https://www.harvestroasting.com,High,,2026-07-14,
SGC Foodservice,Regional,Central Midwest / Mid-South,"Illinois, Missouri, Kansas, Oklahoma, Arkansas, Tennessee","Centered in Springfield, Missouri; public description spans Decatur to Oklahoma City and Memphis to Wichita.","IL,MO,KS,OK,AR,TN",https://www.sgcfoodservice.com/about/,High,State codes approximate the named market corridor; confirm ZIP.,2026-07-14,
Shamrock Foods Company,Multi-regional,Western United States,"Arizona, California, Colorado, Idaho, Kansas, Montana, Nebraska, Nevada, New Mexico, Oregon, South Dakota, Texas, Utah, Wyoming",Published western footprint with distribution and sales operations across these states.,"AZ,CA,CO,ID,KS,MT,NE,NV,NM,OR,SD,TX,UT,WY",https://www.shamrockfoodservice.com/locations/,High,Several states are only partially served; use ZIP-level confirmation.,2026-07-14,
Sofo Foods,Multi-regional,Midwest / Southeast / Texas,"Ohio, Georgia, Texas","Facilities are published in Ohio, Georgia and Texas; broader sales territory is shown by the company map.","OH,GA,TX",https://www.sofofoods.com/contact,Medium,Only facility states are auto-matched until the service-area map is converted to a verified state list.,2026-07-14,
Southeastern Food Merchandisers,Regional,Southeast,"Alabama, Georgia, Florida, Mississippi, Tennessee",Southeastern regional food distribution.,"AL,GA,FL,MS,TN",https://www.southeasternfood.com,Low,,2026-07-14,MATCH
"Southwest Traders, Inc.",Regional,Southwest / West Coast,"California, Arizona, Nevada",Southern California-centered specialty and broadline distribution.,"CA,AZ,NV",https://www.southwesttraders.com,Low,,2026-07-14,
"Suisan Company, Limited",Territory-wide,Hawaii,Hawaii,Hawaii foodservice distribution.,HI,https://www.suisan.com,High,,2026-07-14,
"Sutherland's Foodservice, Inc.",Regional,Southeast,"Georgia, Tennessee, Alabama, South Carolina, North Carolina",Georgia-centered foodservice distribution.,"GA,TN,AL,SC,NC",https://www.suthfoodservice.com,Low,,2026-07-14,
Sysco Corporation,National,Nationwide,,National broadline network with hundreds of facilities; local operating-company availability is ZIP-specific.,,https://www.sysco.com/Contact/Contact/Our-Locations,High,,2026-07-14,MATCH
Tankersley Foodservice LLC,Regional,Arkansas / Southern Plains,"Arkansas, Oklahoma, Texas, Missouri",Fort Smith-centered regional distribution.,"AR,OK,TX,MO",https://www.tankersleyfoods.com,Low,,2026-07-14,
Team Sledd,Regional,Appalachia / Ohio Valley,"West Virginia, Virginia, Ohio, Kentucky, Pennsylvania",West Virginia-centered convenience and foodservice distribution.,"WV,VA,OH,KY,PA",https://www.sleddco.com,Low,,2026-07-14,
"Thurston Foods, Inc.",Regional,New England / New York Metro,"Connecticut, Massachusetts, New York, Rhode Island",Connecticut-centered regional foodservice distribution.,"CT,MA,NY,RI",https://www.thurstonfoods.com,Low,,2026-07-14,
"UniPro Foodservice, Inc.",Distributor network,National network,,National independent-distributor cooperative with hundreds of member headquarters and more than one thousand locations.,,https://www.uniprofoodservice.com/distributors/directory,High,,2026-07-14,
Upper Lakes Foods Inc.,Multi-regional,Upper Midwest / Northern Plains,"Minnesota, Wisconsin, North Dakota, South Dakota, Iowa, Illinois, Michigan","Published service across Minnesota, Wisconsin, North Dakota, South Dakota, Iowa, Illinois and Michigan's Upper Peninsula.","MN,WI,ND,SD,IA,IL,MI",https://upperlakesfoods.com/about/facilities-territory/,High,Michigan coverage is limited to the Upper Peninsula.,2026-07-14,
US Foods,National,Nationwide,,National broadline distributor with local distribution-center and route availability.,,https://www.usfoods.com/about-us-foods/locations.html,High,,2026-07-14,MATCH
Van Eerden Foodservice,Regional,Great Lakes / Midwest,"Michigan, Indiana","Michigan-centered distribution with a Fort Wayne, Indiana facility opened in 2025.","MI,IN",https://www.vaneerden.com/our-story/,High,The broader Midwest territory is not auto-matched beyond confirmed facility states.,2026-07-14,
VIP Foodservice,Regional,Southern California / Southwest,"California, Nevada, Arizona",Southern California-centered foodservice distribution.,"CA,NV,AZ",https://www.vipfoodservice.com,Low,,2026-07-14,
"Vitco Distributors, Inc.",Regional,Southern California / Southwest,"California, Nevada, Arizona",Southern California-centered broadline distribution.,"CA,NV,AZ",https://www.vitcofoods.com,Low,,2026-07-14,
Wabash Foodservice,Regional,Midwest / Ohio Valley,"Illinois, Indiana, Kentucky, Tennessee, Missouri",Illinois-centered regional distribution.,"IL,IN,KY,TN,MO",https://www.wabashfoodservice.com,Low,,2026-07-14,
Wood Fruitticher Food Service,Regional,Southeast,"Alabama, Georgia, Florida, Mississippi, Tennessee","Official service area includes Alabama, Georgia, Florida, Mississippi and Tennessee.","AL,GA,FL,MS,TN",https://www.woodfruitticher.com/about/foodservice-distributor/,High,,2026-07-14,MATCH
"Y. Hata & Co., Ltd.",Territory-wide,Hawaii,Hawaii,Hawaii foodservice distribution.,HI,https://www.yhata.com,High,,2026-07-14,
Yen Bros. Food Service,Regional,Pacific Northwest,"Washington, Oregon",Seattle-centered Asian and broadline distribution.,"WA,OR",https://www.yenbros.com,Medium,,2026-07-14,
Baldor Specialty Foods,Multi-regional,Northeast / Mid-Atlantic,"New York, New Jersey, Connecticut, Massachusetts, Rhode Island, Pennsylvania, Delaware, Maryland, District of Columbia, Virginia","New York, Boston and Washington, D.C. hubs serving Northeast and Mid-Atlantic markets.","NY,NJ,CT,MA,RI,PA,DE,MD,DC,VA",https://www.baldorfood.com/services,High,Confirm exact ZIP; the state list represents the published regional corridor.,2026-07-14,
FreshPoint,Multi-regional,National produce network,"Arizona, California, Colorado, Florida, Georgia, North Carolina, South Carolina, Tennessee, Texas, Washington",Produce-distribution operating companies in selected markets across the United States.,"AZ,CA,CO,FL,GA,NC,SC,TN,TX,WA",https://www.freshpoint.com/locations/,Medium,Not every state or ZIP is served; match through the nearest FreshPoint operating company.,2026-07-14,MATCH
What Chefs Want,Multi-regional,Midwest / Southeast / Colorado,"Alabama, Colorado, Florida, Georgia, Illinois, Indiana, Kentucky, Missouri, North Carolina, South Carolina, Ohio, Tennessee",Officially publishes service in these 12 states through 19 distribution centers.,"AL,CO,FL,GA,IL,IN,KY,MO,NC,SC,OH,TN",https://www.whatchefswant.com/regions/,High,,2026-07-14,MATCH
Gourmet Foods International,Multi-regional,Major U.S. markets,"Georgia, California, Florida, Texas, New Jersey, Massachusetts, Illinois, Washington, Colorado",Specialty-food distribution through multiple U.S. distribution centers.,"GA,CA,FL,TX,NJ,MA,IL,WA,CO",https://www.gfifoods.com/locations,Medium,Confirm market and delivery route; states reflect major operating locations.,2026-07-14,MATCH
FoodServiceDirect,Online nationwide,Nationwide / parcel or freight,,"Online foodservice retailer; shipping method, temperature controls and availability vary by ZIP.",,https://www.foodservicedirect.com,High,,2026-07-14,MATCH
WebstaurantStore,Online nationwide,Nationwide / parcel or freight,,"National e-commerce ordering; freight, parcel and product restrictions vary by ZIP.",,https://www.webstaurantstore.com,High,,2026-07-14,MATCH
Restaurant Depot / Jetro,Multi-regional,U.S. metro markets,,Cash-and-carry warehouse network in many states; use the nearest warehouse rather than assuming delivery.,,https://www.restaurantdepot.com/locations/find-a-warehouse,Medium,Not auto-matched until a warehouse-to-state table is imported.,2026-07-14,
UNFI,National,Nationwide,,"National grocery, natural and specialty distribution network.",,https://www.unfi.com/locations,High,,2026-07-14,MATCH
KeHE Distributors,National,Nationwide,,National natural and specialty distribution network.,,https://www.kehe.com/about/distribution-centers/,High,,2026-07-14,MATCH
C&S Wholesale Grocers,National,Nationwide,,National grocery wholesale and supply-chain network; customer eligibility varies.,,https://www.cswg.com,High,,2026-07-14,MATCH
Core-Mark,National,Nationwide,,National convenience distribution business within Performance Food Group.,,https://www.core-mark.com,High,,2026-07-14,MATCH
Vistar,National,Nationwide,,"National vending, concessions and away-from-home distribution; company reports all 50 states.",,https://www.vistar.com/locations,High,,2026-07-14,MATCH
D'Artagnan,Online nationwide,Nationwide / parcel or freight,,Online specialty meat and gourmet-food ordering with ZIP-dependent shipping.,,https://www.dartagnan.com,High,,2026-07-14,MATCH
Baker's Authority,Online nationwide,Nationwide / parcel or freight,,Online bakery-ingredient ordering; freight and temperature requirements vary by ZIP.,,https://www.bakersauthority.com,Medium,,2026-07-14,MATCH
International Gourmet Foods,Multi-regional,Mid-Atlantic / Southeast,"Virginia, Maryland, District of Columbia, North Carolina, Tennessee, South Carolina, Georgia",Virginia-centered specialty distribution with Mid-Atlantic and Southeast operations.,"VA,MD,DC,NC,TN,SC,GA",https://www.igf-inc.com,Medium,Confirm delivery route for each customer ZIP.,2026-07-14,
