vendor_key,canonical_name,aliases_pipe,website_domain,country_code,state_codes_csv,vendor_type,category,connector_key,ordering_url,active_status,parent_network,seed_status,source_url,verified_on
butterfield_and_vallis,Butterfield & Vallis,,bv.bm,BM,,Direct foodservice distributor,Broadline / grocery wholesale,,,Active,,Approved seed,https://ifdaonline.org/distributor-members/,2026-07-14
fortali_dist_de_alim_ltda,Fortali Dist De Alim LTDA,,fortali.com.br,BR,,Direct foodservice distributor,Broadline,,,Active,,Approved seed,https://ifdaonline.org/distributor-members/,2026-07-14
amalgamated_dairies_limited_adl,Amalgamated Dairies Limited (ADL),,adlfoods.ca,CA,,Direct foodservice distributor,Dairy / broadline,,,Active,,Approved seed,https://ifdaonline.org/distributor-members/,2026-07-14
aof_food_service_inc,AOF Food Service Inc.,,aof.ca,CA,,Direct foodservice distributor,Broadline,,,Active,,Approved seed,https://ifdaonline.org/distributor-members/,2026-07-14
capital_foodservice,Capital Foodservice,,capitalfoodservice.ca,CA,,Direct foodservice distributor,Broadline,,,Active,,Approved seed,https://ifdaonline.org/distributor-members/,2026-07-14
centennial_foodservice,Centennial Foodservice,,centennialfood.com,CA,,Direct foodservice distributor,Center-of-plate / broadline,,,Active,,Approved seed,https://ifdaonline.org/distributor-members/,2026-07-14
flanagan_foodservice_inc,Flanagan Foodservice Inc.,,flanagan.ca,CA,,Direct foodservice distributor,Broadline,,,Active,,Approved seed,https://ifdaonline.org/distributor-members/,2026-07-14
greenbridge_foodservice,Greenbridge Foodservice,,greenbridgefoodservice.ca,CA,,Distributor network / cooperative,Distributor sales and marketing network,,,Active,,Reference only,https://ifdaonline.org/distributor-members/,2026-07-14
natures_cargo,Natures Cargo,,naturescargo.ca,CA,,Direct foodservice distributor,Natural / specialty distribution,,,Active,,Approved seed,https://ifdaonline.org/distributor-members/,2026-07-14
mendez_and_co_inc,"Mendez & Co., Inc.",,mendezcopr.com,PR,PR,Direct foodservice distributor,Broadline / Puerto Rico,,,Active,,Approved seed,https://ifdaonline.org/distributor-members/,2026-07-14
amoje_industry,Amoje Industry,,amojeind.com,KR,,Direct foodservice distributor,Foodservice / hospitality supply,,,Active,,Approved seed,https://ifdaonline.org/distributor-members/,2026-07-14
cj_freshway,CJ Freshway,,cjfreshway.com,KR,,Direct foodservice distributor,Food material distribution / contract foodservice,,,Active,,Approved seed,https://ifdaonline.org/distributor-members/,2026-07-14
daesang_bestco,Daesang BestCo,,edaesang.com,KR,,Direct foodservice distributor,Foodservice distribution,,,Active,,Approved seed,https://ifdaonline.org/distributor-members/,2026-07-14
foodmerce_co_ltd,"FOODMERCE Co., LTD",,foodmerce.com,KR,,Direct foodservice distributor,Foodservice distribution,,,Active,,Approved seed,https://ifdaonline.org/distributor-members/,2026-07-14
gourmet_f_and_b_korea,Gourmet F&B Korea,,gourmet.co.kr,KR,,Direct foodservice distributor,Specialty food distribution,,,Active,,Approved seed,https://ifdaonline.org/distributor-members/,2026-07-14
m_s_food_system,M's Food System,,maeil.com,KR,,Direct foodservice distributor,Foodservice distribution,,,Active,,Approved seed,https://ifdaonline.org/distributor-members/,2026-07-14
pulmuone_foodmerce,Pulmuone Foodmerce,,pulstory.pulmuone.com,KR,,Direct foodservice distributor,Foodservice distribution,,,Active,,Approved seed,https://ifdaonline.org/distributor-members/,2026-07-14
samsung_welstory,Samsung Welstory,,samsungwelstory.com,KR,,Direct foodservice distributor,Food distribution / contract foodservice,,,Active,,Approved seed,https://ifdaonline.org/distributor-members/,2026-07-14
samyang_corp,Samyang Corp.,,samyangcorp.com,KR,,Direct foodservice distributor,Food ingredients / foodservice,,,Active,,Approved seed,https://ifdaonline.org/distributor-members/,2026-07-14
taekyung_nongsan,Taekyung Nongsan,,itaekyung.com,KR,,Direct foodservice distributor,Food ingredients / distribution,,,Active,,Approved seed,https://ifdaonline.org/distributor-members/,2026-07-14
a_and_b_distributors,A & B Distributors,,,US,,Direct foodservice distributor,Foodservice distribution,,,Active,,Review before seed,https://www.frostyacres.com/news/4ac8e499-0d33-44d7-adb2-9215a66668ad,2026-07-14
a_f_wendling_s_food_service,A.F. Wendling's Food Service,,afwendling.com,US,"WV,VA,PA",Direct foodservice distributor,Broadline,,,Active,,Approved seed,https://ifdaonline.org/distributor-members/,2026-07-14
ace_endico_corp,Ace Endico Corp.,,aceendico.com,US,"ME,NH,VT,MA,RI,CT,NY,NJ,PA",Direct foodservice distributor,Italian / specialty broadline,,,Active,,Approved seed,https://ifdaonline.org/distributor-members/,2026-07-14
amcon_distributing_company,AMCON Distributing Company,,amcon.com,US,,Direct foodservice distributor,Convenience distribution,,,Active,,Review before seed,https://ifdaonline.org/distributor-members/,2026-07-14
atlas_wholesale_food_co,Atlas Wholesale Food Co.,,atlaswholesale.com,US,MI,Direct foodservice distributor,Broadline,,,Active,,Review before seed,https://ifdaonline.org/distributor-members/,2026-07-14
avalon_foodservice_inc,"Avalon Foodservice, Inc.",,avalonfoods.com,US,"OH,PA,WV",Direct foodservice distributor,Broadline,,,Active,,Approved seed,https://ifdaonline.org/distributor-members/,2026-07-14
baily_foodservice,Baily Foodservice,,bailyatl.com,US,GA,Direct foodservice distributor,Broadline,,,Active,,Review before seed,https://ifdaonline.org/distributor-members/,2026-07-14
baker_s_authority,Baker's Authority,,bakersauthority.com,US,,Online / e-commerce purveyor,Bakery ingredients / online,,,Active,,Approved seed,https://www.bakersauthority.com,2026-07-14
baldor_specialty_foods,Baldor Specialty Foods,,baldorfood.com,US,"NY,NJ,CT,MA,RI,PA,DE,MD,DC,VA",Direct foodservice distributor,Produce / specialty,baldor_portal,https://www.baldorfood.com/sign-in,Active,,Approved seed,https://www.baldorfood.com/sign-in,2026-07-14
balford,Balford,,balford.com,US,"PA,NJ,DE,MD",Direct foodservice distributor,Dairy / foodservice,,,Active,,Review before seed,https://ifdaonline.org/distributor-members/,2026-07-14
ben_e_keith_foods,Ben E. Keith Foods,,benekeith.com,US,"AL,AR,AZ,FL,GA,KS,LA,MO,MS,NM,OK,SC,TN,TX",Direct foodservice distributor,Broadline,ben_e_keith_entree,https://www.bekentree.com/,Active,,Approved seed,https://www.benekeith.com/food/resources/online/entree-system/,2026-07-14
birite_foodservice_distributors,BiRite Foodservice Distributors,,birite.com,US,CA,Direct foodservice distributor,Broadline,,,Active,,Approved seed,https://ifdaonline.org/distributor-members/,2026-07-14
brown_foodservice_inc,"Brown Foodservice, Inc.",,brownfoodservice.com,US,"KY,WV,OH,VA,TN,IN",Direct foodservice distributor,Broadline,,,Active,,Review before seed,https://ifdaonline.org/distributor-members/,2026-07-14
burlington_distributing_company,Burlington Distributing Company,,biscuitville.com,US,,Closed or contract supply system,Closed-system / chain supply,,,Active,,Reference only,https://ifdaonline.org/distributor-members/,2026-07-14
c_and_s_wholesale_grocers,C&S Wholesale Grocers,,cswg.com,US,,Direct foodservice distributor,Grocery wholesale,,,Active,,Approved seed,https://www.cswg.com,2026-07-14
capitol_distributing,Capitol Distributing,,capitoldist.com,US,"ID,OR,WA,UT,MT,NV",Direct foodservice distributor,Convenience / foodservice,,,Active,,Review before seed,https://ifdaonline.org/distributor-members/,2026-07-14
carlo_masi_sons_and_daughter,Carlo Masi Sons and Daughter,,,US,,Direct foodservice distributor,Italian and specialty food distribution,,,Active,,Review before seed,https://golbon.com/press/,2026-07-14
carolina_food_service_of_loris,Carolina Food Service of Loris,,carolinafoodservice.com,US,"NC,SC",Direct foodservice distributor,Broadline,,,Active,,Approved seed,https://ifdaonline.org/distributor-members/,2026-07-14
cash_wa_distributing,Cash-Wa Distributing,,web.cashwa.com,US,"NE,CO,WY,KS,OK,MO,IA,MN,SD,ND",Direct foodservice distributor,Broadline,,https://portal2.ftnirdc.com/en/cswa,Active,,Approved seed,https://web.cashwa.com/customer-portal,2026-07-14
cheney_brothers_inc,"Cheney Brothers, Inc.",,cheneybrothers.com,US,"FL,GA,NC,SC",Direct foodservice distributor,Broadline,cheney_central,https://www.cheneycentral.com/,Active subsidiary / operating brand,Performance Food Group,Approved seed,https://www.cheneybrothers.com/services/cheney-central/,2026-07-14
chick_fil_a_supply,Chick-fil-A Supply,,cfa-supply.com,US,,Closed or contract supply system,Closed-system / chain supply,,,Active,,Reference only,https://ifdaonline.org/distributor-members/,2026-07-14
christ_panos_foods_corporation,Christ Panos Foods Corporation,,panosfoods.com,US,"IL,IN,WI",Direct foodservice distributor,Broadline / specialty,,,Active,,Review before seed,https://ifdaonline.org/distributor-members/,2026-07-14
city_line_distributors,City Line Distributors,,citylinefoods.com,US,"CT,MA,NY,RI",Direct foodservice distributor,Broadline,,,Active,,Review before seed,https://ifdaonline.org/distributor-members/,2026-07-14
core_mark,Core-Mark,,core-mark.com,US,,Direct foodservice distributor,Convenience distribution / PFG,,,Active subsidiary / operating brand,Performance Food Group,Approved seed,https://www.core-mark.com,2026-07-14
cotati_food_service,Cotati Food Service,,cotatifoodservice.com,US,CA,Direct foodservice distributor,Broadline,,,Active,,Approved seed,https://ifdaonline.org/distributor-members/,2026-07-14
cottonwood_distribution,Cottonwood Distribution,,,US,,Direct foodservice distributor,Foodservice distribution,,,Active,,Review before seed,https://golbon.com/press/,2026-07-14
crs_onesource,CRS OneSource,,crsonesource.com,US,"IL,MO,IN,IA",Direct foodservice distributor,Broadline,,,Active,,Review before seed,https://ifdaonline.org/distributor-members/,2026-07-14
curtze_food_service,Curtze Food Service,,curtze.com,US,"PA,NY,VA,WV,OH,MI,IN,KY,MD",Direct foodservice distributor,Broadline,,,Active,,Approved seed,https://ifdaonline.org/distributor-members/,2026-07-14
d_artagnan,D'Artagnan,,dartagnan.com,US,,Direct foodservice distributor,Meat / specialty,,,Active,,Approved seed,https://www.dartagnan.com,2026-07-14
dawn_food_products,Dawn Food Products,,dawnfoods.com,US,,Direct foodservice distributor,Bakery ingredients,,,Active,,Approved seed,https://ifdaonline.org/distributor-members/,2026-07-14
dbh_distributing_hunt_brothers_pizza,DBH Distributing / Hunt Brothers Pizza,DBH Distributing LLC | Hunt Brothers Pizza,huntbrotherspizza.com,US,,Closed or contract supply system,Closed-system / pizza program,,,Active,,Reference only,https://ifdaonline.org/distributor-members/,2026-07-14
dennis_food_service,Dennis Food Service,,dennisfoodservice.com,US,"ME,NH",Direct foodservice distributor,Broadline,,,Active,,Approved seed,https://ifdaonline.org/distributor-members/,2026-07-14
diaz_wholesale_and_manufacturing,Diaz Wholesale & Manufacturing,,diazfoods.com,US,"GA,VA,NJ",Direct foodservice distributor,Hispanic / specialty broadline,,,Active,,Approved seed,https://ifdaonline.org/distributor-members/,2026-07-14
dicarlo_distributors_inc,"DiCarlo Distributors, Inc.",,dicarlofood.com,US,"MA,CT,NY,NJ,PA,DE,MD,DC",Direct foodservice distributor,Italian / broadline,,,Active,,Approved seed,https://ifdaonline.org/distributor-members/,2026-07-14
distribution_market_advantage,Distribution Market Advantage,,dmadelivers.com,US,,Distributor network / cooperative,Distributor network,,,Active,,Reference only,https://ifdaonline.org/distributor-members/,2026-07-14
divine_specialties,Divine Specialties,,divinespecialties.com,US,CA,Direct foodservice distributor,"Bakery, chocolate and specialty ingredients",public_ecommerce,https://www.divinespecialties.com/product-category/shop-online/,Active,,Approved seed,https://golbon.com/press/golbon-welcomes-new-member-divine-specialties/,2026-07-14
dot_foods_inc,"Dot Foods, Inc.",,dotfoods.com,US,,Redistributor,Redistributor,,,Active,,Reference only,https://ifdaonline.org/distributor-members/,2026-07-14
driscoll_foods,Driscoll Foods,,driscollfoods.com,US,"NJ,NY,PA,CT",Direct foodservice distributor,Broadline,,,Active,,Approved seed,https://ifdaonline.org/distributor-members/,2026-07-14
emaco_food_services,Emaco Food Services,,emacofs.com,US,LA,Direct foodservice distributor,Broadline land and marine food distribution,,,Active,,Approved seed,https://golbon.com/press/golbon-welcomes-new-member-emaco-food-services/,2026-07-14
euclid_fish_company,Euclid Fish Company,,euclidfish.com,US,"OH,MI,PA,NY",Direct foodservice distributor,Seafood / specialty,,,Active,,Review before seed,https://ifdaonline.org/distributor-members/,2026-07-14
evco_wholesale_food_corp,EVCO Wholesale Food Corp.,,evcofoods.com,US,"CA,NV,AZ",Direct foodservice distributor,Broadline,,,Active,,Review before seed,https://ifdaonline.org/distributor-members/,2026-07-14
f_and_a_food_sales_inc,"F & A Food Sales, Inc.",,fafoodsales.com,US,"MA,CT,RI,NH",Direct foodservice distributor,Specialty / wholesale,,,Active,,Review before seed,https://ifdaonline.org/distributor-members/,2026-07-14
federated_foodservice,Federated Foodservice,,federatedfoodservice.com,US,,Distributor network / cooperative,Distributor network,,,Active,,Reference only,https://ifdaonline.org/distributor-members/,2026-07-14
feeser_s_inc,"Feeser's, Inc.",,feesers.com,US,"PA,NJ,DE,MD,NY,VA,WV,DC",Direct foodservice distributor,Broadline,,,Active,,Approved seed,https://ifdaonline.org/distributor-members/,2026-07-14
food_supply_inc,"Food Supply, Inc.",,foodsupply.com,US,"SC,NC,GA",Direct foodservice distributor,Broadline / specialty,,,Active,,Review before seed,https://ifdaonline.org/distributor-members/,2026-07-14
foodist,Foodist,,efoodist.com,US,,Online / e-commerce purveyor,Online / specialty,,,Active,,Approved seed,https://ifdaonline.org/distributor-members/,2026-07-14
foodpro,FoodPRO,,myfoodpro.com,US,"MD,VA,PA,WV,DC",Direct foodservice distributor,Broadline,,,Active,,Review before seed,https://ifdaonline.org/distributor-members/,2026-07-14
foodservicedirect,FoodServiceDirect,,foodservicedirect.com,US,,Online / e-commerce purveyor,Online foodservice retailer,public_ecommerce,https://www.foodservicedirect.com/,Active,,Approved seed,https://www.foodservicedirect.com/,2026-07-14
freshpoint,FreshPoint,,freshpoint.com,US,"AZ,CA,CO,FL,GA,NC,SC,TN,TX,WA",Direct foodservice distributor,Produce / Sysco subsidiary,my_freshpoint,https://myfreshpoint.com/,Active subsidiary / operating brand,Sysco Corporation,Approved seed,https://www.freshpoint.com/centralflorida/,2026-07-14
frosty_acres_brands,Frosty Acres Brands,,frostyacres.com,US,,Distributor network / cooperative,Distributor cooperative,,,Active,,Reference only,https://ifdaonline.org/distributor-members/,2026-07-14
fuchs_foodservice_pizza_specialties,Fuchs Foodservice / Pizza Specialties,,pizzaspecialtiesinc.com,US,"WI,IL,MN,IA,MI",Direct foodservice distributor,Pizza / specialty,,,Active,,Review before seed,https://ifdaonline.org/distributor-members/,2026-07-14
g_and_c_foods,G & C Foods,,gcfoods.com,US,,Redistributor,Redistributor / specialty,,,Active,,Reference only,https://ifdaonline.org/distributor-members/,2026-07-14
ginsberg_s_foods,Ginsberg's Foods,,ginsbergs.com,US,"NY,VT,MA,CT,PA",Direct foodservice distributor,Broadline,food_order_entry,https://ginsbergsorder.com/,Active,,Approved seed,https://ginsbergs.com/online-ordering/,2026-07-14
global_market_foods,Global Market Foods,GMF,globalmarketfoods.com,US,"IL,CA,NJ,TX",Direct foodservice distributor,International and specialty food distribution,unknown_branded_portal,https://www.globalmarketfoods.com/retailers,Active,,Approved seed,https://www.frostyacres.com/news,2026-07-14
gnb_wholesale,GnB Wholesale,G&B Wholesale Foods | GNB Wholesale Foods,gnbwholesale.com,US,CA,Direct foodservice distributor,Meat and broadline foodservice,,,Active,,Approved seed,https://www.frostyacres.com/news/727e3445-2067-44e0-85cc-e95f0661123b,2026-07-14
golbon,Golbon,,golbon.com,US,,Distributor network / cooperative,Buying group / distributor network,,,Active,,Reference only,https://ifdaonline.org/distributor-members/,2026-07-14
gold_star_foods,Gold Star Foods,,goldstarfoods.com,US,"CA,AZ,NV,TX,NM",Direct foodservice distributor,K-12 / institutional,,,Active,,Review before seed,https://ifdaonline.org/distributor-members/,2026-07-14
golden_egg_company,Golden Egg Company,,goldeneggcompany.com,US,CA,Direct foodservice distributor,"Egg, dairy and foodservice distribution",public_ecommerce,https://www.goldeneggcompany.com/,Active,,Approved seed,https://golbon.com/press/golbon-welcomes-new-member-golden-egg-company/,2026-07-14
good_source_solutions_inc,"Good Source Solutions, Inc.",,goodsource.com,US,,Redistributor,Specialty / redistributor,,,Active,,Reference only,https://ifdaonline.org/distributor-members/,2026-07-14
gordon_food_service,Gordon Food Service,GFS,gfs.com,US,"AL,FL,GA,IL,IN,KY,MD,MI,MO,NC,NY,OH,PA,SC,TN,TX,WI",Direct foodservice distributor,National broadline,,https://gfs.com/en-us/products-services/technology-solutions/gordon-ordering/,Active,,Approved seed,https://gfs.com/en-us/ideas/gordon-ordering-quick-start-guide/,2026-07-14
gourmet_foods_international,Gourmet Foods International,,gfifoods.com,US,"GA,CA,FL,TX,NJ,MA,IL,WA,CO",Direct foodservice distributor,Specialty foods,,https://www.gfifoods.com/customer/account/,Active,,Approved seed,https://www.gfifoods.com/customers,2026-07-14
graves_foods_menu_maker_foods,Graves Foods / Menu Maker Foods,,menumakerfoods.com,US,"KS,MO,NE,OK,IA",Direct foodservice distributor,Broadline,,,Active,,Review before seed,https://ifdaonline.org/distributor-members/,2026-07-14
gs_foods_group,GS Foods Group,,gsfoodsgroup.com,US,"CA,AZ,NV,TX,NM,MO",Direct foodservice distributor,K-12 / institutional,,,Active,,Review before seed,https://ifdaonline.org/distributor-members/,2026-07-14
halsey_foodservice,Halsey Foodservice,,halseyfoodservice.com,US,"AL,TN,MS,GA",Direct foodservice distributor,Broadline,,,Active,,Review before seed,https://ifdaonline.org/distributor-members/,2026-07-14
harbor_foods_group,Harbor Foods Group,,harborwholesale.com,US,"AK,WA,ID,OR,CA",Direct foodservice distributor,Broadline / convenience,,,Active,,Approved seed,https://ifdaonline.org/distributor-members/,2026-07-14
henry_s_foods_inc,"Henry's Foods, Inc.",,henrysfoods.com,US,"MN,ND,SD,WI,IA",Direct foodservice distributor,Broadline,,,Active,,Approved seed,https://ifdaonline.org/distributor-members/,2026-07-14
holiday_wholesale_inc,"Holiday Wholesale, Inc.",,holidaywholesale.com,US,"WI,IL,IA,MN",Direct foodservice distributor,Convenience / foodservice,,,Active,,Review before seed,https://ifdaonline.org/distributor-members/,2026-07-14
honor_foods_inc,"Honor Foods, Inc.",,honorfoods.com,US,,Redistributor,Redistributor,,,Active,,Reference only,https://ifdaonline.org/distributor-members/,2026-07-14
hpc_foodservice,HPC Foodservice,,hpcfs.com,US,"CT,MA,RI,NY",Direct foodservice distributor,Broadline,,,Active,,Review before seed,https://ifdaonline.org/distributor-members/,2026-07-14
i_supply_company,I Supply Company,,isupplyco.com,US,"OH,IN,KY,PA,WV",Direct foodservice distributor,Convenience / foodservice,,,Active,,Review before seed,https://ifdaonline.org/distributor-members/,2026-07-14
ifd_foodservice_distributor,IFD Foodservice Distributor,,callifd.com,US,"WI,MN,MI,IA",Direct foodservice distributor,Broadline,,,Active,,Review before seed,https://ifdaonline.org/distributor-members/,2026-07-14
imler_s_poultry,Imler's Poultry,,imlerspoultry.com,US,"PA,MD,VA,WV,OH",Direct foodservice distributor,Poultry / specialty,,,Active,,Review before seed,https://ifdaonline.org/distributor-members/,2026-07-14
incollingo_food_service,Incollingo Food Service,,incollingofoods.com,US,"NJ,PA,DE,MD",Direct foodservice distributor,Italian / pizza / broadline foodservice,unknown_branded_portal,https://www.incollingofoods.com/new-products-page,Active,,Approved seed,https://www.frostyacres.com/news/f8151c2f-4a01-42d0-8720-b11a4ff6ddb2,2026-07-14
independent_marketing_alliance,Independent Marketing Alliance,,imaforce.com,US,,Distributor network / cooperative,Distributor network,,,Active,,Reference only,https://ifdaonline.org/distributor-members/,2026-07-14
international_gourmet_foods,International Gourmet Foods,,igf-inc.com,US,"VA,MD,DC,NC,TN,SC,GA",Direct foodservice distributor,Specialty foods,,,Active,,Approved seed,https://www.igf-inc.com,2026-07-14
jake_s_finer_foods,Jake's Finer Foods,,jakesfinerfoods.com,US,"TX,LA",Direct foodservice distributor,Broadline / specialty,,,Active,,Approved seed,https://ifdaonline.org/distributor-members/,2026-07-14
jangbogo_foodbank,Jangbogo Foodbank,,jangfood.com,US,"IL,IN,WI",Direct foodservice distributor,Asian / specialty,,,Active,,Review before seed,https://ifdaonline.org/distributor-members/,2026-07-14
jd_food,JD Food,,jdfood.com,US,"CA,NV",Direct foodservice distributor,Broadline,,,Active,,Review before seed,https://ifdaonline.org/distributor-members/,2026-07-14
johnson_bros_bakery_supply,Johnson Bros. Bakery Supply,,jbrosbakerysupply.com,US,"TX,OK,LA",Direct foodservice distributor,Bakery ingredients,,,Active,,Review before seed,https://ifdaonline.org/distributor-members/,2026-07-14
jordano_s_foodservice_inc,"Jordano's Foodservice, Inc.",,jordanos.com,US,CA,Direct foodservice distributor,Broadline,,,Active,,Approved seed,https://ifdaonline.org/distributor-members/,2026-07-14
kansas_marine_inc,"Kansas Marine, Inc.",,kansasmarine.com,US,"CA,WA",Direct foodservice distributor,Cruise-line food and hospitality supply,,,Active,,Approved seed,https://golbon.com/press/golbon-welcomes-new-member-kansas-marine-inc/,2026-07-14
kast_distributors_inc,"KAST Distributors, Inc.",,kastdistributors.com,US,"PA,NJ,NY",Direct foodservice distributor,Broadline,,,Active,,Review before seed,https://ifdaonline.org/distributor-members/,2026-07-14
keck_s_food_service_inc,"Keck's Food Service, Inc.",,kecksfoodservice.com,US,"PA,MD,VA,WV",Direct foodservice distributor,Broadline,,,Active,,Review before seed,https://ifdaonline.org/distributor-members/,2026-07-14
kehe_distributors,KeHE Distributors,,kehe.com,US,,Direct foodservice distributor,Natural / specialty distribution,,,Active,,Approved seed,https://www.kehe.com,2026-07-14
king_kold,King Kold,King Kold Quality Meats | King Kold Meats,kingkoldinc.com,US,OH,Direct foodservice distributor,Meat and center-of-plate distribution,public_ecommerce,https://kingkoldinc.com/shop-meat-sides/,Active,,Approved seed,https://golbon.com/press/golbon-welcomes-new-member-king-kold/,2026-07-14
kohl_wholesale,Kohl Wholesale,,kohlwholesale.com,US,"IL,IA,MO",Direct foodservice distributor,Broadline,,,Active,,Approved seed,https://ifdaonline.org/distributor-members/,2026-07-14
kos_distribution,KOS Distribution,,kosdistribution.com,US,TN,Direct foodservice distributor,Hispanic / Latin American grocery and foodservice distribution,,,Active,,Approved seed,https://www.frostyacres.com/news/31f704a5-135a-4ed2-aacd-52e77181df60,2026-07-14
kuna_foodservice,Kuna Foodservice,,kunafoodservice.com,US,"MO,IL,IA,WI,IN,MI,KY,OH,AR,MS,AL",Direct foodservice distributor,Broadline,,,Active,,Approved seed,https://ifdaonline.org/distributor-members/,2026-07-14
latina_boulevard_foods,Latina Boulevard Foods,,latinaboulevardfoods.com,US,"FL,GA",Direct foodservice distributor,Hispanic / specialty,,,Active,,Review before seed,https://ifdaonline.org/distributor-members/,2026-07-14
legacy_food_group,Legacy Food Group,,legacyfoodgroup.com,US,,Distributor network / cooperative,Distributor network,,,Active,,Reference only,https://ifdaonline.org/distributor-members/,2026-07-14
loffredo_fresh_foods,Loffredo Fresh Foods,,loffredo.com,US,"IA,NE,IL,MO,WI",Direct foodservice distributor,Produce / broadline,,,Active,,Approved seed,https://ifdaonline.org/distributor-members/,2026-07-14
lumina_foods_llc,"Lumina Foods, LLC",,luminafoods.com,US,"TN,KY,GA,AL,IN,OH",Direct foodservice distributor,Pizza / specialty,,,Active,,Review before seed,https://ifdaonline.org/distributor-members/,2026-07-14
m_j_kellner_company_inc,"M.J. Kellner Company, Inc.",,mjkellner.com,US,"IL,MO,IN,IA",Direct foodservice distributor,Broadline,,,Active,,Review before seed,https://ifdaonline.org/distributor-members/,2026-07-14
maplevale_farms_inc,"Maplevale Farms, Inc.",,maplevalefarms.com,US,"NY,PA,OH",Direct foodservice distributor,Broadline,,,Active,,Approved seed,https://ifdaonline.org/distributor-members/,2026-07-14
martin_bros_distributing_co_inc,"Martin Bros. Distributing Co., Inc.",,www2.martinsnet.com,US,"IA,IL,WI,NE,MO,MN",Direct foodservice distributor,Broadline,,,Active,,Approved seed,https://ifdaonline.org/distributor-members/,2026-07-14
maximum_quality_foods,Maximum Quality Foods,,maximumqualityfoods.com,US,"NJ,NY,PA,CT,DE,MD",Direct foodservice distributor,Broadline / specialty,,,Active,,Review before seed,https://ifdaonline.org/distributor-members/,2026-07-14
mcdonald_wholesale_company,McDonald Wholesale Company,,mcdonaldwhsl.com,US,"OR,WA,ID,CA",Direct foodservice distributor,Broadline,,,Active,,Review before seed,https://ifdaonline.org/distributor-members/,2026-07-14
mclane_foodservice_inc,"McLane Foodservice, Inc.",,mclaneco.com,US,,Direct foodservice distributor,National chain / convenience,,,Active,,Approved seed,https://ifdaonline.org/distributor-members/,2026-07-14
merchants_grocery_co_inc,Merchants Grocery Co. Inc.,,merchants-grocery.com,US,"VA,WV,MD,NC,PA",Direct foodservice distributor,Convenience / foodservice,,,Active,,Review before seed,https://ifdaonline.org/distributor-members/,2026-07-14
miller_distributing,Miller Distributing,,,US,PA,Direct foodservice distributor,"Convenience, grocery and foodservice wholesale",,,Active,,Approved seed,https://golbon.com/press/golbon-welcomes-new-member-miller-dist/,2026-07-14
multi_plus_dm_inc,Multi Plus DM Inc.,,multiplusdm.com,US,FL,Direct foodservice distributor,Specialty / wholesale,,,Active,,Review before seed,https://ifdaonline.org/distributor-members/,2026-07-14
national_dcp,National DCP,,nationaldcp.com,US,,Closed or contract supply system,Closed-system / chain supply,,,Active,,Reference only,https://ifdaonline.org/distributor-members/,2026-07-14
navis_food_partners,Navis Food Partners,,navisfood.com,US,,Distributor network / cooperative,Distributor network,,,Active,,Reference only,https://ifdaonline.org/distributor-members/,2026-07-14
nicholas_and_company_inc,"Nicholas and Company, Inc.",,nicholasandco.com,US,"UT,NV,ID,WY,MT,AZ",Direct foodservice distributor,Broadline,,,Active,,Approved seed,https://ifdaonline.org/distributor-members/,2026-07-14
north_bay_wholesale,North Bay Wholesale,North Bay Wholefoods,northbaywholesale.com,US,CA,Direct foodservice distributor,Broadline / pizza and Mexican restaurant supply,public_ecommerce,https://www.northbaywholesale.com/shop,Active,,Approved seed,https://golbon.com/press/golbon-welcomes-new-member-north-bay-wholesale/,2026-07-14
northern_haserot_food_service,Northern Haserot Food Service,,northernhaserot.com,US,"OH,MI",Direct foodservice distributor,Broadline,,,Active,,Approved seed,https://ifdaonline.org/distributor-members/,2026-07-14
novick_brothers_corp,Novick Brothers Corp.,,novickcorp.com,US,"NJ,NY,PA,CT",Direct foodservice distributor,Broadline / institutional,,,Active,,Review before seed,https://ifdaonline.org/distributor-members/,2026-07-14
ole_tyme_produce,Ole Tyme Produce,,oletyme.com,US,"MO,IL,KS,AR",Direct foodservice distributor,Produce,,,Active,,Review before seed,https://ifdaonline.org/distributor-members/,2026-07-14
pacific_provisions_hawaii,Pacific Provisions Hawaii,,pacificprovisionshawaii.com,US,HI,Direct foodservice distributor,Broadline / Hawaii,,,Active,,Approved seed,https://ifdaonline.org/distributor-members/,2026-07-14
palmer_food_services,Palmer Food Services,,palmerfoods.com,US,NY,Direct foodservice distributor,Broadline / center-of-plate,,https://palmerfoods.com/order-online/,Active,,Approved seed,https://palmerfoods.com/order-online/,2026-07-14
performance_food_group,Performance Food Group,PFG | Performance Foodservice,pfgc.com,US,,Direct foodservice distributor,National broadline,pfg_customerfirst,https://www.performancefoodservice.com/Your-Operation/CustomerFirst,Active,,Approved seed,https://www.performancefoodservice.com/Your-Operation/CustomerFirst,2026-07-14
phillips_food_service_llc,"Phillips Food Service, LLC",,phillipsfoodservice.net,US,TX,Direct foodservice distributor,Broadline,,,Active,,Review before seed,https://ifdaonline.org/distributor-members/,2026-07-14
plymouth_inc,"Plymouth, Inc.",,,US,WA,Direct foodservice distributor,"Meat, poultry, seafood and refrigerated freight",,,Active,,Review before seed,https://golbon.com/press/golbon-welcomes-new-member-plymouth-inc/,2026-07-14
pratts_foodservice,Pratts Foodservice,,ww1.pratts.com,US,"MN,ND,SD,WI,IA",Direct foodservice distributor,Broadline,,,Active,,Review before seed,https://ifdaonline.org/distributor-members/,2026-07-14
prime_source_foods,Prime Source Foods,,primesourcefoods.biz,US,"NH,ME,MA,VT,CT,RI",Direct foodservice distributor,Center-of-plate / specialty,,,Active,,Approved seed,https://ifdaonline.org/distributor-members/,2026-07-14
quaker_valley_foods_inc,"Quaker Valley Foods, Inc.",,quakervalleyfoods.com,US,"PA,NJ,NY,DE,MD,DC,VA",Direct foodservice distributor,Meat / specialty broadline,,,Active,,Approved seed,https://ifdaonline.org/distributor-members/,2026-07-14
quality_custom_distribution_services,Quality Custom Distribution Services,,qualitycustomdistribution.com,US,,Closed or contract supply system,Closed-system / chain supply,,,Active,,Reference only,https://ifdaonline.org/distributor-members/,2026-07-14
quality_food_company,Quality Food Company,,qualityfoodcompany.com,US,"MA,RI,CT,NH",Direct foodservice distributor,Italian / specialty,,,Active,,Review before seed,https://ifdaonline.org/distributor-members/,2026-07-14
ray_s_produce_inc,"Ray's Produce, Inc.",,,US,"OR,WA",Direct foodservice distributor,Produce distribution,,,Active,,Approved seed,https://www.frostyacres.com/news/d1d5f4a2-60ab-41e3-a926-40b2cefc6b6d,2026-07-14
restaurant_depot_jetro,Restaurant Depot / Jetro,Jetro | Jetro Cash & Carry | Restaurant Depot,restaurantdepot.com,US,,Cash-and-carry wholesaler,Cash-and-carry / wholesale,,,"Active; acquisition announced, not yet closed",Jetro Holdings / pending Sysco transaction,Approved seed,https://www.restaurantdepot.com,2026-07-14
restaurant_packaging_and_provisions,Restaurant Packaging & Provisions,RPP,,US,CA,Direct foodservice distributor,Foodservice distribution and packaging,,,Active,,Review before seed,https://golbon.com/press-release-date/2025/,2026-07-14
royal_food_service,Royal Food Service,,royalfoodservice.com,US,"GA,AL,TN,SC,NC",Direct foodservice distributor,Produce / broadline,,,Active,,Review before seed,https://ifdaonline.org/distributor-members/,2026-07-14
rrs_foodservice,RRS Foodservice,,rrsfoodservice.com,US,"VA,NC,SC,WV,MD",Direct foodservice distributor,Broadline,,,Active,,Review before seed,https://ifdaonline.org/distributor-members/,2026-07-14
s_and_w_wholesale_foods_llc,"S & W Wholesale Foods, LLC",,s-wfoods.com,US,"LA,MS,AL,FL",Direct foodservice distributor,Broadline,,,Active,,Review before seed,https://ifdaonline.org/distributor-members/,2026-07-14
s_abraham_and_sons_inc,"S. Abraham & Sons, Inc.",,sasinc.com,US,"MI,IN,OH,IL,WI,KY",Direct foodservice distributor,Convenience / foodservice,,,Active,,Approved seed,https://ifdaonline.org/distributor-members/,2026-07-14
sanwa_food_group,Sanwa Food Group,,sanwagrowers.com,US,FL,Direct foodservice distributor,Produce / broadline,,,Active,,Approved seed,https://ifdaonline.org/distributor-members/,2026-07-14
saval_foodservice,Saval Foodservice,,savalfoods.com,US,"MD,VA,DC,DE,PA",Direct foodservice distributor,Broadline,cut_and_dry,https://savalfoodservice.cutanddry.com/,Active,,Approved seed,https://www.savalfoods.com/online-ordering,2026-07-14
scarmardo_foodservice_inc,Scarmardo Foodservice Inc.,,scarmardofoods.com,US,TX,Direct foodservice distributor,Broadline,,,Active,,Approved seed,https://ifdaonline.org/distributor-members/,2026-07-14
schenck_foods_company,Schenck Foods Company,,schenckfoods.com,US,"VA,WV,MD,PA",Direct foodservice distributor,Broadline,,,Active,,Review before seed,https://ifdaonline.org/distributor-members/,2026-07-14
schiff_s_food_service_inc,"Schiff's Food Service, Inc.",,schiffs.com,US,"PA,NJ,NY",Direct foodservice distributor,Broadline,,,Active,,Review before seed,https://ifdaonline.org/distributor-members/,2026-07-14
scooter_s_coffee_harvest_roasting,Scooter's Coffee / Harvest Roasting,,harvestroasting.com,US,,Closed or contract supply system,Closed-system / coffee chain,,,Active,,Reference only,https://ifdaonline.org/distributor-members/,2026-07-14
sgc_foodservice,SGC Foodservice,,sgcfoodservice.com,US,"IL,MO,KS,OK,AR,TN",Direct foodservice distributor,Broadline,powernet_pnet,https://pnet.sgcfoodservice.com/,Active,,Approved seed,https://www.sgcfoodservice.com/mysgc-order-entry/,2026-07-14
shamrock_foods_company,Shamrock Foods Company,,shamrockfoods.com,US,"AZ,CA,CO,ID,KS,MT,NE,NV,NM,OR,SD,TX,UT,WY",Direct foodservice distributor,Broadline,my_shamrock,https://m.myshamrock.com/,Active,,Approved seed,https://www.shamrockfoodservice.com/resources/shamrockorders/,2026-07-14
shore_foods,Shore Foods,,shorefoodsnj.com,US,NJ,Direct foodservice distributor,Broadline foodservice,public_ecommerce,https://shorefoodsnj.com/shop/,Active,,Approved seed,https://golbon.com/press/golbon-welcomes-new-member-shore-foods/,2026-07-14
sirna_and_sons_produce,Sirna and Sons Produce,,,US,"OH,PA",Direct foodservice distributor,Produce distribution,,,Active,,Review before seed,https://golbon.com/press/,2026-07-14
snack_attack_inc,"Snack Attack, Inc.",Snack Attack Distributing,snackattackdistributors.com,US,OH,Direct foodservice distributor,Institutional shelf-stable food and commissary supplies,,,Active,,Approved seed,https://golbon.com/press/golbon-welcomes-new-member-snack-attack/,2026-07-14
sofo_foods,Sofo Foods,,sofofoods.com,US,"OH,GA,TX",Direct foodservice distributor,Italian / broadline,powernet_pnet,https://order.sofofoods.com/pnet/eOrder,Active,,Approved seed,https://www.sofofoods.com/order,2026-07-14
sonship_distributing,SonShip Distributing,,sonshipdist.com,US,,Direct foodservice distributor,"Consumer goods, grocery and foodservice distribution",,,Active,,Review before seed,https://golbon.com/press/golbon-welcomes-new-member-sonship-distributing/,2026-07-14
southeastern_food_merchandisers,Southeastern Food Merchandisers,,southeasternfood.com,US,"AL,GA,FL,MS,TN",Direct foodservice distributor,Broadline / specialty,,,Active,,Review before seed,https://ifdaonline.org/distributor-members/,2026-07-14
southwest_traders_inc,"Southwest Traders, Inc.",,southwesttraders.com,US,"CA,AZ,NV",Direct foodservice distributor,Broadline / specialty,,,Active,,Review before seed,https://ifdaonline.org/distributor-members/,2026-07-14
suisan_company_limited,"Suisan Company, Limited",,suisan.com,US,HI,Direct foodservice distributor,Broadline / Hawaii,,,Active,,Approved seed,https://ifdaonline.org/distributor-members/,2026-07-14
sutherland_s_foodservice_inc,"Sutherland's Foodservice, Inc.",,suthfoodservice.com,US,"GA,TN,AL,SC,NC",Direct foodservice distributor,Broadline,,,Active,,Review before seed,https://ifdaonline.org/distributor-members/,2026-07-14
sysco_corporation,Sysco Corporation,Sysco,sysco.com,US,,Direct foodservice distributor,National broadline,sysco_shop,https://shop.sysco.com/auth/login,Active,,Approved seed,https://sysco.com/en-us/shopmobile,2026-07-14
tankersley_foodservice_llc,Tankersley Foodservice LLC,,tankersleyfoods.com,US,"AR,OK,TX,MO",Direct foodservice distributor,Broadline,,,Active,,Review before seed,https://ifdaonline.org/distributor-members/,2026-07-14
team_sledd,Team Sledd,,sleddco.com,US,"WV,VA,OH,KY,PA",Direct foodservice distributor,Convenience / foodservice,,,Active,,Review before seed,https://ifdaonline.org/distributor-members/,2026-07-14
the_chefs_warehouse,The Chefs' Warehouse,Chefs Warehouse | CW,chefswarehouse.com,US,"CA,FL,GA,IL,MA,MD,NV,NJ,NY,OH,PA,TX,WA,DC",Direct foodservice distributor,Specialty broadline,chefs_warehouse_portal,https://www.chefswarehouse.com/login/,Active,,Approved seed,https://www.chefswarehouse.com/login/,2026-07-14
thompson_and_sons,Thompson & Sons,Thompson's Food Service,,US,,Direct foodservice distributor,Broadline foodservice,,,Active,,Review before seed,https://www.frostyacres.com/news/4a85a539-f05b-4973-b09f-dff8b7ba4a60,2026-07-14
thurston_foods_inc,"Thurston Foods, Inc.",,thurstonfoods.com,US,"CT,MA,NY,RI",Direct foodservice distributor,Broadline,,,Active,,Review before seed,https://ifdaonline.org/distributor-members/,2026-07-14
tri_mart_company,Tri-Mart Company,Midwest Food & Tobacco Group,,US,"WI,MN",Direct foodservice distributor,Convenience and foodservice wholesale,,,Active,,Review before seed,https://golbon.com/press/golbon-welcomes-new-member-tri-mart-company/,2026-07-14
unfi,UNFI,,unfi.com,US,,Direct foodservice distributor,Natural / grocery distribution,,,Active,,Approved seed,https://www.unfi.com,2026-07-14
unipro_foodservice_inc,"UniPro Foodservice, Inc.",,uniprofoodservice.com,US,,Distributor network / cooperative,Distributor cooperative,,,Active,,Reference only,https://ifdaonline.org/distributor-members/,2026-07-14
upper_lakes_foods_inc,Upper Lakes Foods Inc.,,upperlakesfoods.com,US,"MN,WI,ND,SD,IA,IL,MI",Direct foodservice distributor,Broadline,megabite,https://ulfweb.com/,Active,,Approved seed,https://upperlakesfoods.com/order/,2026-07-14
us_foods,US Foods,USF | U.S. Foods,usfoods.com,US,,Direct foodservice distributor,National broadline,us_foods_moxe,https://www.usfoods.com/how-we-help-you/easy-ordering,Active,,Approved seed,https://www.usfoods.com/how-we-help-you/easy-ordering,2026-07-14
van_eerden_foodservice,Van Eerden Foodservice,,vaneerden.com,US,"MI,IN",Direct foodservice distributor,Broadline,van_eerden_portal,https://customer.vaneerden.com/,Active,,Approved seed,https://www.vaneerden.com/fresh-solutions/,2026-07-14
vip_foodservice,VIP Foodservice,,vipfoodservice.com,US,"CA,NV,AZ",Direct foodservice distributor,Broadline,,,Active,,Review before seed,https://ifdaonline.org/distributor-members/,2026-07-14
vistar,Vistar,,vistar.com,US,,Direct foodservice distributor,Vending / concessions / PFG,,,Active subsidiary / operating brand,Performance Food Group,Approved seed,https://www.vistar.com,2026-07-14
vitco_distributors_inc,"Vitco Distributors, Inc.",,vitcofoods.com,US,"CA,NV,AZ",Direct foodservice distributor,Broadline,,,Active,,Review before seed,https://ifdaonline.org/distributor-members/,2026-07-14
wabash_foodservice,Wabash Foodservice,,wabashfoodservice.com,US,"IL,IN,KY,TN,MO",Direct foodservice distributor,Broadline,,,Active,,Review before seed,https://ifdaonline.org/distributor-members/,2026-07-14
warwick_poultry,Warwick Poultry,,,US,"ME,NH,VT,MA,RI,CT",Direct foodservice distributor,Poultry / center-of-plate,,,Active,Reds Farm LLC / Génere family of businesses,Approved seed,https://golbon.com/press/golbon-welcomes-new-member-warwick-poultry/,2026-07-14
web_food_store,Web Food Store,WebFoodStore.com | WFS,webfoodstore.com,US,,Online / e-commerce purveyor,Online foodservice distributor,public_ecommerce,https://webfoodstore.com/,Active,,Approved seed,https://golbon.com/press/golbon-welcomes-new-member-web-food-store/,2026-07-14
webstaurantstore,WebstaurantStore,,webstaurantstore.com,US,,Online / e-commerce purveyor,Online restaurant supply / food,public_ecommerce,https://www.webstaurantstore.com/,Active,,Approved seed,https://www.webstaurantstore.com/,2026-07-14
what_chefs_want,What Chefs Want,WCW,whatchefswant.com,US,"AL,CO,FL,GA,IL,IN,KY,MO,NC,SC,OH,TN",Direct foodservice distributor,Produce / specialty broadline,cut_and_dry,https://whatchefswant.cutanddry.com/,Active,,Approved seed,https://www.whatchefswant.com/customer-login/,2026-07-14
wood_fruitticher_food_service,Wood Fruitticher Food Service,,woodfruitticher.com,US,"AL,GA,FL,MS,TN",Direct foodservice distributor,Broadline,food_order_entry,https://woodfruitticher.foodorderentry.com/?FromMobile=1,Active,,Approved seed,https://www.woodfruitticher.com/resources/online-ordering/,2026-07-14
y_hata_and_co_ltd,"Y. Hata & Co., Ltd.",,yhata.com,US,HI,Direct foodservice distributor,Broadline / Hawaii,,,Active,,Approved seed,https://ifdaonline.org/distributor-members/,2026-07-14
yen_bros_food_service,Yen Bros. Food Service,,yenbros.com,US,"WA,OR",Direct foodservice distributor,Asian / broadline,,,Active,,Approved seed,https://ifdaonline.org/distributor-members/,2026-07-14
la_reserve,La Reserve,,,,,Direct foodservice distributor,Specialty foodservice,,,Active,,Review before seed,https://ifdaonline.org/distributor-members/,2026-07-14
